"player_name","pitch_count","total_pitches","CH","CU","FC","FF","FS","SI","SL","ST","SV","KC","KN","CS","PO","rank_FF","rank_SL","rank_SI","rank_CH","rank_CU","rank_FC","rank_FS","rank_ST","rank_SV","rank_KC","cluster"
"Bassitt, Chris",10,106,0.0943396226415094,0,0,0,0,0,0,0,0,0,0,0,0,73,79,77.5,165,80.5,82.5,88.5,86,90.5,87,1
"Bassitt, Chris",13,106,0,0.122641509433962,0,0,0,0,0,0,0,0,0,0,0,73,79,77.5,75,171,82.5,88.5,86,90.5,87,2
"Bassitt, Chris",17,106,0,0,0.160377358490566,0,0,0,0,0,0,0,0,0,0,73,79,77.5,75,80.5,173,88.5,86,90.5,87,2
"Bassitt, Chris",3,106,0,0,0,0.0283018867924528,0,0,0,0,0,0,0,0,0,147,79,77.5,75,80.5,82.5,88.5,86,90.5,87,3
"Bassitt, Chris",2,106,0,0,0,0,0.0188679245283019,0,0,0,0,0,0,0,0,73,79,77.5,75,80.5,82.5,177,86,90.5,87,2
"Bassitt, Chris",49,106,0,0,0,0,0,0.462264150943396,0,0,0,0,0,0,0,73,79,181,75,80.5,82.5,88.5,86,90.5,87,4
"Bassitt, Chris",4,106,0,0,0,0,0,0,0.0377358490566038,0,0,0,0,0,0,73,160,77.5,75,80.5,82.5,88.5,86,90.5,87,2
"Bassitt, Chris",8,106,0,0,0,0,0,0,0,0.0754716981132075,0,0,0,0,0,73,79,77.5,75,80.5,82.5,88.5,174,90.5,87,2
"Berríos, José",19,89,0.213483146067416,0,0,0,0,0,0,0,0,0,0,0,0,73,79,77.5,177,80.5,82.5,88.5,86,90.5,87,1
"Berríos, José",12,89,0,0,0,0.134831460674157,0,0,0,0,0,0,0,0,0,150,79,77.5,75,80.5,82.5,88.5,86,90.5,87,3
"Berríos, José",38,89,0,0,0,0,0,0.426966292134831,0,0,0,0,0,0,0,73,79,180,75,80.5,82.5,88.5,86,90.5,87,4
"Berríos, José",20,89,0,0,0,0,0,0,0,0,0.224719101123595,0,0,0,0,73,79,77.5,75,80.5,82.5,88.5,86,181,87,2
"Bradish, Kyle",10,129,0.0775193798449612,0,0,0,0,0,0,0,0,0,0,0,0,73,79,77.5,159,80.5,82.5,88.5,86,90.5,87,1
"Bradish, Kyle",25,129,0,0.193798449612403,0,0,0,0,0,0,0,0,0,0,0,73,79,77.5,75,174,82.5,88.5,86,90.5,87,2
"Bradish, Kyle",21,129,0,0,0,0.162790697674419,0,0,0,0,0,0,0,0,0,151,79,77.5,75,80.5,82.5,88.5,86,90.5,87,3
"Bradish, Kyle",34,129,0,0,0,0,0,0.263565891472868,0,0,0,0,0,0,0,73,79,174,75,80.5,82.5,88.5,86,90.5,87,4
"Bradish, Kyle",39,129,0,0,0,0,0,0,0.302325581395349,0,0,0,0,0,0,73,172,77.5,75,80.5,82.5,88.5,86,90.5,87,2
"Burnes, Corbin",2,66,0.0303030303030303,0,0,0,0,0.0303030303030303,0,0,0,0,0,0,0,73,79,158,155,80.5,82.5,88.5,86,90.5,87,4
"Burnes, Corbin",8,66,0,0.121212121212121,0,0,0,0,0,0,0,0,0,0,0,73,79,77.5,75,170,82.5,88.5,86,90.5,87,2
"Burnes, Corbin",40,66,0,0,0.606060606060606,0,0,0,0,0,0,0,0,0,0,73,79,77.5,75,80.5,181,88.5,86,90.5,87,2
"Burnes, Corbin",14,66,0,0,0,0,0,0,0.212121212121212,0,0,0,0,0,0,73,166,77.5,75,80.5,82.5,88.5,86,90.5,87,2
"Castillo, Luis",18,86,0.209302325581395,0,0,0,0,0,0,0,0,0,0,0,0,73,79,77.5,175,80.5,82.5,88.5,86,90.5,87,1
"Castillo, Luis",46,86,0,0,0,0.534883720930233,0,0,0,0,0,0,0,0,0,175,79,77.5,75,80.5,82.5,88.5,86,90.5,87,3
"Castillo, Luis",5,86,0,0,0,0,0,0.0581395348837209,0,0,0,0,0,0,0,73,79,160,75,80.5,82.5,88.5,86,90.5,87,4
"Castillo, Luis",17,86,0,0,0,0,0,0,0.197674418604651,0,0,0,0,0,0,73,164,77.5,75,80.5,82.5,88.5,86,90.5,87,2
"Cease, Dylan",1,104,0.00961538461538462,0,0,0,0,0,0,0,0,0,0,0,0,73,79,77.5,150,80.5,82.5,88.5,86,90.5,87,1
"Cease, Dylan",52,104,0,0,0,0.5,0,0,0,0,0,0,0,0,0,173.5,79,77.5,75,80.5,82.5,88.5,86,90.5,87,3
"Cease, Dylan",10,104,0,0,0,0,0,0,0,0,0,0.0961538461538462,0,0,0,73,79,77.5,75,80.5,82.5,88.5,86,90.5,178,2
"Cease, Dylan",41,104,0,0,0,0,0,0,0.394230769230769,0,0,0,0,0,0,73,177,77.5,75,80.5,82.5,88.5,86,90.5,87,2
"Cole, Gerrit",9,105,0.0857142857142857,0,0,0,0,0,0,0,0,0,0,0,0,73,79,77.5,161,80.5,82.5,88.5,86,90.5,87,1
"Cole, Gerrit",10,105,0,0,0.0952380952380952,0,0,0,0,0,0,0,0,0,0,73,79,77.5,75,80.5,169,88.5,86,90.5,87,2
"Cole, Gerrit",48,105,0,0,0,0.457142857142857,0,0,0,0,0,0,0,0,0,171,79,77.5,75,80.5,82.5,88.5,86,90.5,87,3
"Cole, Gerrit",21,105,0,0,0,0,0,0,0,0,0,0.2,0,0,0,73,79,77.5,75,80.5,82.5,88.5,86,90.5,180,2
"Cole, Gerrit",17,105,0,0,0,0,0,0,0.161904761904762,0,0,0,0,0,0,73,163,77.5,75,80.5,82.5,88.5,86,90.5,87,2
"Corbin, Patrick",2,90,0.0222222222222222,0,0,0,0,0,0,0,0,0,0,0,0,73,79,77.5,154,80.5,82.5,88.5,86,90.5,87,1
"Corbin, Patrick",11,90,0,0,0,0.122222222222222,0,0,0,0,0,0,0,0,0,149,79,77.5,75,80.5,82.5,88.5,86,90.5,87,3
"Corbin, Patrick",36,90,0,0,0,0,0,0.4,0,0,0,0,0,0,0,73,79,179,75,80.5,82.5,88.5,86,90.5,87,4
"Corbin, Patrick",41,90,0,0,0,0,0,0,0.455555555555556,0,0,0,0,0,0,73,181,77.5,75,80.5,82.5,88.5,86,90.5,87,2
"Dunning, Dane",20,141,0.141843971631206,0,0,0,0,0,0,0,0,0,0,0,0,73,79,77.5,167,80.5,82.5,88.5,86,90.5,87,1
"Dunning, Dane",16,141,0,0,0.113475177304965,0,0,0,0,0,0,0,0,0,0,73,79,77.5,75,80.5,171,88.5,86,90.5,87,2
"Dunning, Dane",1,141,0,0,0,0.00709219858156028,0,0,0,0,0,0,0,0,0,146,79,77.5,75,80.5,82.5,88.5,86,90.5,87,3
"Dunning, Dane",3,141,0,0,0,0,0,0,0,0,0,0.0212765957446809,0,0,0,73,79,77.5,75,80.5,82.5,88.5,86,90.5,174,2
"Dunning, Dane",39,141,0,0,0,0,0,0.276595744680851,0,0,0,0,0,0,0,73,79,175,75,80.5,82.5,88.5,86,90.5,87,4
"Dunning, Dane",62,141,0,0,0,0,0,0,0.439716312056738,0,0,0,0,0,0,73,179,77.5,75,80.5,82.5,88.5,86,90.5,87,2
"Eflin, Zach",4,65,0.0615384615384615,0,0,0,0,0,0,0,0,0,0,0,0,73,79,77.5,158,80.5,82.5,88.5,86,90.5,87,1
"Eflin, Zach",14,65,0,0.215384615384615,0,0.215384615384615,0,0,0,0,0,0,0,0,0,153,79,77.5,75,176,82.5,88.5,86,90.5,87,2
"Eflin, Zach",11,65,0,0,0.169230769230769,0,0,0,0,0,0,0,0,0,0,73,79,77.5,75,80.5,174,88.5,86,90.5,87,2
"Eflin, Zach",13,65,0,0,0,0,0,0.2,0,0,0,0,0,0,0,73,79,171,75,80.5,82.5,88.5,86,90.5,87,4
"Eflin, Zach",9,65,0,0,0,0,0,0,0,0.138461538461538,0,0,0,0,0,73,79,77.5,75,80.5,82.5,88.5,176,90.5,87,2
"Elder, Bryce",15,71,0.211267605633803,0,0,0,0,0,0,0,0,0,0,0,0,73,79,77.5,176,80.5,82.5,88.5,86,90.5,87,1
"Elder, Bryce",7,71,0,0,0,0.0985915492957746,0,0,0,0,0,0,0,0,0,148,79,77.5,75,80.5,82.5,88.5,86,90.5,87,3
"Elder, Bryce",24,71,0,0,0,0,0,0.338028169014085,0,0,0,0,0,0,0,73,79,177,75,80.5,82.5,88.5,86,90.5,87,4
"Elder, Bryce",25,71,0,0,0,0,0,0,0.352112676056338,0,0,0,0,0,0,73,174,77.5,75,80.5,82.5,88.5,86,90.5,87,2
"Gallen, Zac",23,104,0.221153846153846,0,0,0,0,0,0,0,0,0,0,0,0,73,79,77.5,178,80.5,82.5,88.5,86,90.5,87,1
"Gallen, Zac",3,104,0,0,0.0288461538461538,0,0,0,0,0,0,0,0,0,0,73,79,77.5,75,80.5,166,88.5,86,90.5,87,2
"Gallen, Zac",57,104,0,0,0,0.548076923076923,0,0,0,0,0,0,0,0,0,176,79,77.5,75,80.5,82.5,88.5,86,90.5,87,3
"Gallen, Zac",18,104,0,0,0,0,0,0,0,0,0,0.173076923076923,0,0,0,73,79,77.5,75,80.5,82.5,88.5,86,90.5,179,2
"Gallen, Zac",1,104,0,0,0,0,0,0.00961538461538462,0,0,0,0,0,0,0,73,79,155,75,80.5,82.5,88.5,86,90.5,87,4
"Gallen, Zac",2,104,0,0,0,0,0,0,0.0192307692307692,0,0,0,0,0,0,73,158,77.5,75,80.5,82.5,88.5,86,90.5,87,2
"Gausman, Kevin",55,98,0,0,0,0.561224489795918,0,0,0,0,0,0,0,0,0,177,79,77.5,75,80.5,82.5,88.5,86,90.5,87,3
"Gausman, Kevin",37,98,0,0,0,0,0.377551020408163,0,0,0,0,0,0,0,0,73,79,77.5,75,80.5,82.5,181,86,90.5,87,2
"Gausman, Kevin",6,98,0,0,0,0,0,0,0.0612244897959184,0,0,0,0,0,0,73,161,77.5,75,80.5,82.5,88.5,86,90.5,87,2
"Gibson, Kyle",15,80,0.1875,0,0,0,0,0,0,0,0,0,0,0,0,73,79,77.5,174,80.5,82.5,88.5,86,90.5,87,1
"Gibson, Kyle",6,80,0,0.075,0,0,0,0,0,0,0,0,0,0,0,73,79,77.5,75,167,82.5,88.5,86,90.5,87,2
"Gibson, Kyle",10,80,0,0,0.125,0,0,0,0,0,0,0,0,0,0,73,79,77.5,75,80.5,172,88.5,86,90.5,87,2
"Gibson, Kyle",26,80,0,0,0,0.325,0,0,0,0,0,0,0,0,0,163,79,77.5,75,80.5,82.5,88.5,86,90.5,87,3
"Gibson, Kyle",14,80,0,0,0,0,0,0.175,0,0,0,0,0,0,0,73,79,166,75,80.5,82.5,88.5,86,90.5,87,4
"Gibson, Kyle",9,80,0,0,0,0,0,0,0,0.1125,0,0,0,0,0,73,79,77.5,75,80.5,82.5,88.5,175,90.5,87,2
"Gilbert, Logan",28,97,0,0,0,0.288659793814433,0,0,0,0,0,0,0,0,0,157,79,77.5,75,80.5,82.5,88.5,86,90.5,87,3
"Gilbert, Logan",23,97,0,0,0,0,0.237113402061856,0,0,0,0,0,0,0,0,73,79,77.5,75,80.5,82.5,179,86,90.5,87,2
"Gilbert, Logan",8,97,0,0,0,0,0,0,0,0,0,0.0824742268041237,0,0,0,73,79,77.5,75,80.5,82.5,88.5,86,90.5,176,2
"Gilbert, Logan",38,97,0,0,0,0,0,0,0.391752577319588,0,0,0,0,0,0,73,176,77.5,75,80.5,82.5,88.5,86,90.5,87,2
"Giolito, Lucas",85,198,0.429292929292929,0,0,0,0,0,0,0,0,0,0,0,0,73,79,77.5,181,80.5,82.5,88.5,86,90.5,87,1
"Giolito, Lucas",3,198,0,0.0151515151515152,0,0,0,0,0,0,0,0,0,0,0,73,79,77.5,75,161,82.5,88.5,86,90.5,87,2
"Giolito, Lucas",64,198,0,0,0,0.323232323232323,0,0,0,0,0,0,0,0,0,162,79,77.5,75,80.5,82.5,88.5,86,90.5,87,3
"Giolito, Lucas",46,198,0,0,0,0,0,0,0.232323232323232,0,0,0,0,0,0,73,168,77.5,75,80.5,82.5,88.5,86,90.5,87,2
"Gray, Sonny",5,55,0.0909090909090909,0,0,0,0,0,0,0,0,0,0,0,0,73,79,77.5,162.5,80.5,82.5,88.5,86,90.5,87,1
"Gray, Sonny",11,55,0,0.2,0,0,0,0,0,0,0,0,0,0,0,73,79,77.5,75,175,82.5,88.5,86,90.5,87,2
"Gray, Sonny",6,55,0,0,0.109090909090909,0,0,0,0,0,0,0,0,0,0,73,79,77.5,75,80.5,170,88.5,86,90.5,87,2
"Gray, Sonny",14,55,0,0,0,0.254545454545455,0,0,0,0,0,0,0,0,0,156,79,77.5,75,80.5,82.5,88.5,86,90.5,87,3
"Gray, Sonny",7,55,0,0,0,0,0,0.127272727272727,0,0,0,0,0,0,0,73,79,161,75,80.5,82.5,88.5,86,90.5,87,4
"Gray, Sonny",12,55,0,0,0,0,0,0,0,0.218181818181818,0,0,0,0,0,73,79,77.5,75,80.5,82.5,88.5,179,90.5,87,2
"Javier, Cristian",15,165,0.0909090909090909,0,0,0,0,0,0,0,0,0,0,0,0,73,79,77.5,162.5,80.5,82.5,88.5,86,90.5,87,1
"Javier, Cristian",100,165,0,0,0,0.606060606060606,0,0,0,0,0,0,0,0,0,179,79,77.5,75,80.5,82.5,88.5,86,90.5,87,3
"Javier, Cristian",14,165,0,0,0,0,0,0,0,0,0,0.0848484848484849,0,0,0,73,79,77.5,75,80.5,82.5,88.5,86,90.5,177,2
"Javier, Cristian",36,165,0,0,0,0,0,0,0.218181818181818,0,0,0,0,0,0,73,167,77.5,75,80.5,82.5,88.5,86,90.5,87,2
"Keller, Mitch",1,86,0.0116279069767442,0,0,0,0,0,0,0,0,0,0,0,0,73,79,77.5,151,80.5,82.5,88.5,86,90.5,87,1
"Keller, Mitch",4,86,0,0.0465116279069767,0,0,0,0,0,0,0,0,0,0,0,73,79,77.5,75,164,82.5,88.5,86,90.5,87,2
"Keller, Mitch",31,86,0,0,0.36046511627907,0,0,0,0,0,0,0,0,0,0,73,79,77.5,75,80.5,180,88.5,86,90.5,87,2
"Keller, Mitch",25,86,0,0,0,0.290697674418605,0,0,0,0,0,0,0,0,0,159,79,77.5,75,80.5,82.5,88.5,86,90.5,87,3
"Keller, Mitch",20,86,0,0,0,0,0,0.232558139534884,0,0,0,0,0,0,0,73,79,173,75,80.5,82.5,88.5,86,90.5,87,4
"Keller, Mitch",5,86,0,0,0,0,0,0,0,0.0581395348837209,0,0,0,0,0,73,79,77.5,75,80.5,82.5,88.5,173,90.5,87,2
"Kelly, Merrill",16,93,0.172043010752688,0,0,0,0,0,0,0,0,0,0,0,0,73,79,77.5,171,80.5,82.5,88.5,86,90.5,87,1
"Kelly, Merrill",4,93,0,0.043010752688172,0,0,0,0,0,0,0,0,0,0,0,73,79,77.5,75,163,82.5,88.5,86,90.5,87,2
"Kelly, Merrill",26,93,0,0,0.279569892473118,0,0,0,0,0,0,0,0,0,0,73,79,77.5,75,80.5,178,88.5,86,90.5,87,2
"Kelly, Merrill",27,93,0,0,0,0.290322580645161,0,0,0,0,0,0,0,0,0,158,79,77.5,75,80.5,82.5,88.5,86,90.5,87,3
"Kelly, Merrill",17,93,0,0,0,0,0,0.182795698924731,0,0,0,0,0,0,0,73,79,167,75,80.5,82.5,88.5,86,90.5,87,4
"Kelly, Merrill",3,93,0,0,0,0,0,0,0.032258064516129,0,0,0,0,0,0,73,159,77.5,75,80.5,82.5,88.5,86,90.5,87,2
"Kikuchi, Yusei",4,76,0.0526315789473684,0,0,0,0,0,0,0,0,0,0,0,0,73,79,77.5,156,80.5,82.5,88.5,86,90.5,87,1
"Kikuchi, Yusei",19,76,0,0.25,0,0,0,0,0,0,0,0,0,0,0,73,79,77.5,75,180,82.5,88.5,86,90.5,87,2
"Kikuchi, Yusei",30,76,0,0,0,0.394736842105263,0,0,0,0,0,0,0,0,0,168,79,77.5,75,80.5,82.5,88.5,86,90.5,87,3
"Kikuchi, Yusei",23,76,0,0,0,0,0,0,0.302631578947368,0,0,0,0,0,0,73,173,77.5,75,80.5,82.5,88.5,86,90.5,87,2
"Kirby, George",48,152,0,0,0,0.315789473684211,0,0,0,0,0,0,0,0,0,161,79,77.5,75,80.5,82.5,88.5,86,90.5,87,3
"Kirby, George",23,152,0,0,0,0,0.151315789473684,0,0,0,0,0,0,0,0,73,79,77.5,75,80.5,82.5,178,86,90.5,87,2
"Kirby, George",4,152,0,0,0,0,0,0,0,0,0,0.0263157894736842,0,0,0,73,79,77.5,75,80.5,82.5,88.5,86,90.5,175,2
"Kirby, George",2,152,0,0,0,0,0,0,0,0,0,0,0.0131578947368421,0,0,73,79,77.5,75,80.5,82.5,88.5,86,90.5,87,2
"Kirby, George",34,152,0,0,0,0,0,0.223684210526316,0,0,0,0,0,0,0,73,79,172,75,80.5,82.5,88.5,86,90.5,87,4
"Kirby, George",41,152,0,0,0,0,0,0,0.269736842105263,0,0,0,0,0,0,73,170,77.5,75,80.5,82.5,88.5,86,90.5,87,2
"Kremer, Dean",7,88,0.0795454545454545,0,0,0,0,0,0,0,0,0,0,0,0,73,79,77.5,160,80.5,82.5,88.5,86,90.5,87,1
"Kremer, Dean",8,88,0,0.0909090909090909,0,0,0,0,0,0,0,0,0,0,0,73,79,77.5,75,168,82.5,88.5,86,90.5,87,2
"Kremer, Dean",29,88,0,0,0.329545454545455,0,0,0,0,0,0,0,0,0,0,73,79,77.5,75,80.5,179,88.5,86,90.5,87,2
"Kremer, Dean",41,88,0,0,0,0.465909090909091,0,0,0,0,0,0,0,0,0,172,79,77.5,75,80.5,82.5,88.5,86,90.5,87,3
"Kremer, Dean",3,88,0,0,0,0,0,0.0340909090909091,0,0,0,0,0,0,0,73,79,159,75,80.5,82.5,88.5,86,90.5,87,4
"Luzardo, Jesús",18,100,0.18,0,0,0,0,0,0,0,0,0,0,0,0,73,79,77.5,172,80.5,82.5,88.5,86,90.5,87,1
"Luzardo, Jesús",38,100,0,0,0,0.38,0,0,0,0,0,0,0,0,0,167,79,77.5,75,80.5,82.5,88.5,86,90.5,87,3
"Luzardo, Jesús",44,100,0,0,0,0,0,0,0.44,0,0,0,0,0,0,73,180,77.5,75,80.5,82.5,88.5,86,90.5,87,2
"Lyles, Jordan",13,88,0.147727272727273,0,0,0,0,0,0,0,0,0,0,0,0,73,79,77.5,168,80.5,82.5,88.5,86,90.5,87,1
"Lyles, Jordan",3,88,0,0.0340909090909091,0,0,0,0,0,0,0,0,0,0,0,73,79,77.5,75,162,82.5,88.5,86,90.5,87,2
"Lyles, Jordan",6,88,0,0,0.0681818181818182,0,0,0,0,0,0,0,0,0,0,73,79,77.5,75,80.5,167,88.5,86,90.5,87,2
"Lyles, Jordan",31,88,0,0,0,0.352272727272727,0,0,0,0,0,0,0,0,0,165,79,77.5,75,80.5,82.5,88.5,86,90.5,87,3
"Lyles, Jordan",14,88,0,0,0,0,0,0.159090909090909,0,0,0,0,0,0,0,73,79,164,75,80.5,82.5,88.5,86,90.5,87,4
"Lyles, Jordan",21,88,0,0,0,0,0,0,0,0.238636363636364,0,0,0,0,0,73,79,77.5,75,80.5,82.5,88.5,180,90.5,87,2
"Lynn, Lance",13,85,0.152941176470588,0,0,0,0,0,0,0,0,0,0,0,0,73,79,77.5,169,80.5,82.5,88.5,86,90.5,87,1
"Lynn, Lance",6,85,0,0.0705882352941176,0,0,0,0,0,0,0,0,0,0,0,73,79,77.5,75,166,82.5,88.5,86,90.5,87,2
"Lynn, Lance",22,85,0,0,0.258823529411765,0,0,0,0,0,0,0,0,0,0,73,79,77.5,75,80.5,177,88.5,86,90.5,87,2
"Lynn, Lance",28,85,0,0,0,0.329411764705882,0,0,0,0,0,0,0,0,0,164,79,77.5,75,80.5,82.5,88.5,86,90.5,87,3
"Lynn, Lance",16,85,0,0,0,0,0,0.188235294117647,0,0,0,0,0,0,0,73,79,168,75,80.5,82.5,88.5,86,90.5,87,4
"López, Pablo",18,77,0.233766233766234,0,0,0,0,0,0,0,0,0,0,0,0,73,79,77.5,179,80.5,82.5,88.5,86,90.5,87,1
"López, Pablo",4,77,0,0.051948051948052,0,0,0,0,0,0,0,0,0,0,0,73,79,77.5,75,165,82.5,88.5,86,90.5,87,2
"López, Pablo",17,77,0,0,0,0.220779220779221,0,0,0,0,0,0,0,0,0,154,79,77.5,75,80.5,82.5,88.5,86,90.5,87,3
"López, Pablo",12,77,0,0,0,0,0,0.155844155844156,0,0,0,0,0,0,0,73,79,163,75,80.5,82.5,88.5,86,90.5,87,4
"López, Pablo",26,77,0,0,0,0,0,0,0,0.337662337662338,0,0,0,0,0,73,79,77.5,75,80.5,82.5,88.5,181,90.5,87,2
"Mikolas, Miles",3,184,0.016304347826087,0,0,0,0,0,0,0,0,0,0,0,0,73,79,77.5,153,80.5,82.5,88.5,86,90.5,87,1
"Mikolas, Miles",1,184,0,0,0,0,0,0,0,0,0,0,0,0.00543478260869565,0,73,79,77.5,75,80.5,82.5,88.5,86,90.5,87,2
"Mikolas, Miles",42,184,0,0.228260869565217,0,0,0,0,0,0,0,0,0,0,0,73,79,77.5,75,177,82.5,88.5,86,90.5,87,2
"Mikolas, Miles",67,184,0,0,0,0.364130434782609,0,0,0,0,0,0,0,0,0,166,79,77.5,75,80.5,82.5,88.5,86,90.5,87,3
"Mikolas, Miles",27,184,0,0,0,0,0,0.146739130434783,0,0,0,0,0,0,0,73,79,162,75,80.5,82.5,88.5,86,90.5,87,4
"Mikolas, Miles",44,184,0,0,0,0,0,0,0.239130434782609,0,0,0,0,0,0,73,169,77.5,75,80.5,82.5,88.5,86,90.5,87,2
"Montgomery, Jordan",24,94,0.25531914893617,0,0,0,0,0,0,0,0,0,0,0,0,73,79,77.5,180,80.5,82.5,88.5,86,90.5,87,1
"Montgomery, Jordan",22,94,0,0.234042553191489,0,0,0,0,0,0,0,0,0,0,0,73,79,77.5,75,178,82.5,88.5,86,90.5,87,2
"Montgomery, Jordan",21,94,0,0,0,0.223404255319149,0,0,0,0,0,0,0,0,0,155,79,77.5,75,80.5,82.5,88.5,86,90.5,87,3
"Montgomery, Jordan",27,94,0,0,0,0,0,0.287234042553192,0,0,0,0,0,0,0,73,79,176,75,80.5,82.5,88.5,86,90.5,87,4
"Nola, Aaron",14,83,0.168674698795181,0,0,0,0,0,0,0,0,0,0,0,0,73,79,77.5,170,80.5,82.5,88.5,86,90.5,87,1
"Nola, Aaron",2,83,0,0,0.0240963855421687,0,0,0,0,0,0,0,0,0,0,73,79,77.5,75,80.5,165,88.5,86,90.5,87,2
"Nola, Aaron",25,83,0,0,0,0.301204819277108,0,0,0,0,0,0,0,0,0,160,79,77.5,75,80.5,82.5,88.5,86,90.5,87,3
"Nola, Aaron",26,83,0,0,0,0,0,0,0,0,0,0.313253012048193,0,0,0,73,79,77.5,75,80.5,82.5,88.5,86,90.5,181,2
"Nola, Aaron",16,83,0,0,0,0,0,0.192771084337349,0,0,0,0,0,0,0,73,79,169,75,80.5,82.5,88.5,86,90.5,87,4
"Oviedo, Johan",11,91,0,0.120879120879121,0,0,0,0,0,0,0,0,0,0,0,73,79,77.5,75,169,82.5,88.5,86,90.5,87,2
"Oviedo, Johan",41,91,0,0,0,0.450549450549451,0,0,0,0,0,0,0,0,0,170,79,77.5,75,80.5,82.5,88.5,86,90.5,87,3
"Oviedo, Johan",1,91,0,0,0,0,0,0.010989010989011,0,0,0,0,0,0,0,73,79,156,75,80.5,82.5,88.5,86,90.5,87,4
"Oviedo, Johan",38,91,0,0,0,0,0,0,0.417582417582418,0,0,0,0,0,0,73,178,77.5,75,80.5,82.5,88.5,86,90.5,87,2
"Sears, JP",6,65,0.0923076923076923,0,0,0,0,0,0,0,0,0,0,0,0,73,79,77.5,164,80.5,82.5,88.5,86,90.5,87,1
"Sears, JP",42,65,0,0,0,0.646153846153846,0,0,0,0,0,0,0,0,0,181,79,77.5,75,80.5,82.5,88.5,86,90.5,87,3
"Sears, JP",5,65,0,0,0,0,0,0,0.0769230769230769,0,0,0,0,0,0,73,162,77.5,75,80.5,82.5,88.5,86,90.5,87,2
"Sears, JP",12,65,0,0,0,0,0,0,0,0.184615384615385,0,0,0,0,0,73,79,77.5,75,80.5,82.5,88.5,178,90.5,87,2
"Steele, Justin",51,84,0,0,0,0.607142857142857,0,0,0,0,0,0,0,0,0,180,79,77.5,75,80.5,82.5,88.5,86,90.5,87,3
"Steele, Justin",2,84,0,0,0,0,0,0.0238095238095238,0,0,0,0,0,0,0,73,79,157,75,80.5,82.5,88.5,86,90.5,87,4
"Steele, Justin",31,84,0,0,0,0,0,0,0.369047619047619,0,0,0,0,0,0,73,175,77.5,75,80.5,82.5,88.5,86,90.5,87,2
"Strider, Spencer",10,94,0.106382978723404,0,0,0,0,0,0,0,0,0,0,0,0,73,79,77.5,166,80.5,82.5,88.5,86,90.5,87,1
"Strider, Spencer",56,94,0,0,0,0.595744680851064,0,0,0,0,0,0,0,0,0,178,79,77.5,75,80.5,82.5,88.5,86,90.5,87,3
"Strider, Spencer",1,94,0,0,0,0,0,0,0,0,0,0,0,0,0.0106382978723404,73,79,77.5,75,80.5,82.5,88.5,86,90.5,87,2
"Strider, Spencer",27,94,0,0,0,0,0,0,0.287234042553192,0,0,0,0,0,0,73,171,77.5,75,80.5,82.5,88.5,86,90.5,87,2
"Valdez, Framber",15,83,0.180722891566265,0,0.180722891566265,0,0,0,0,0,0,0,0,0,0,73,79,77.5,173,80.5,175,88.5,86,90.5,87,1
"Valdez, Framber",24,83,0,0.289156626506024,0,0,0,0,0,0,0,0,0,0,0,73,79,77.5,75,181,82.5,88.5,86,90.5,87,2
"Valdez, Framber",29,83,0,0,0,0,0,0.349397590361446,0,0,0,0,0,0,0,73,79,178,75,80.5,82.5,88.5,86,90.5,87,4
"Verlander, Justin",5,94,0.0531914893617021,0,0,0,0,0,0,0,0,0,0,0,0,73,79,77.5,157,80.5,82.5,88.5,86,90.5,87,1
"Verlander, Justin",23,94,0,0.24468085106383,0,0,0,0,0,0,0,0,0,0,0,73,79,77.5,75,179,82.5,88.5,86,90.5,87,2
"Verlander, Justin",47,94,0,0,0,0.5,0,0,0,0,0,0,0,0,0,173.5,79,77.5,75,80.5,82.5,88.5,86,90.5,87,3
"Verlander, Justin",19,94,0,0,0,0,0,0,0.202127659574468,0,0,0,0,0,0,73,165,77.5,75,80.5,82.5,88.5,86,90.5,87,2
"Walker, Taijuan",15,106,0,0.141509433962264,0,0,0,0,0,0,0,0,0,0,0,73,79,77.5,75,173,82.5,88.5,86,90.5,87,2
"Walker, Taijuan",20,106,0,0,0.188679245283019,0,0,0,0,0,0,0,0,0,0,73,79,77.5,75,80.5,176,88.5,86,90.5,87,2
"Walker, Taijuan",21,106,0,0,0,0.19811320754717,0,0,0,0,0,0,0,0,0,152,79,77.5,75,80.5,82.5,88.5,86,90.5,87,3
"Walker, Taijuan",32,106,0,0,0,0,0.30188679245283,0,0,0,0,0,0,0,0,73,79,77.5,75,80.5,82.5,180,86,90.5,87,2
"Walker, Taijuan",17,106,0,0,0,0,0,0.160377358490566,0,0,0,0,0,0,0,73,79,165,75,80.5,82.5,88.5,86,90.5,87,4
"Walker, Taijuan",1,106,0,0,0,0,0,0,0,0.00943396226415094,0,0,0,0,0,73,79,77.5,75,80.5,82.5,88.5,172,90.5,87,2
"Wheeler, Zack",1,67,0.0149253731343284,0,0,0,0,0,0,0,0,0,0,0,0,73,79,77.5,152,80.5,82.5,88.5,86,90.5,87,1
"Wheeler, Zack",9,67,0,0.134328358208955,0,0,0,0,0,0,0,0,0,0,0,73,79,77.5,75,172,82.5,88.5,86,90.5,87,2
"Wheeler, Zack",5,67,0,0,0.0746268656716418,0,0,0,0,0,0,0,0,0,0,73,79,77.5,75,80.5,168,88.5,86,90.5,87,2
"Wheeler, Zack",28,67,0,0,0,0.417910447761194,0,0,0,0,0,0,0,0,0,169,79,77.5,75,80.5,82.5,88.5,86,90.5,87,3
"Wheeler, Zack",13,67,0,0,0,0,0,0.194029850746269,0,0,0,0,0,0,0,73,79,170,75,80.5,82.5,88.5,86,90.5,87,4
"Wheeler, Zack",11,67,0,0,0,0,0,0,0,0.164179104477612,0,0,0,0,0,73,79,77.5,75,80.5,82.5,88.5,177,90.5,87,2
